Запрос	average by year	competition	11.2018	12.2018	1.2019	2.2019	3.2019	4.2019	5.2019	6.2019	7.2019	8.2019	9.2019	10.2019
скиммер	590	0.8115942028985508	320	480	480	480	720	590	720	1000	720	590	390	320
скиммер для бассейна	320	1.0	40	30	90	140	140	140	390	1600	480	260	110	70
трансформаторы для освещения бассейнов	-
подводные прожекторы светодиодные для бассейнов	-
освещение бассейнов	20	1.0	20	40	10	20	20	20	30	30	30	40	20	20
продажа оборудования для бассейнов	10	0.8809523809523809	10	10	10	0	0	0	10	10	10	10	0	10
подводное освещение для бассейна	-
бассейны оборудование	10	0.7619047619047619	10	10	10	10	10	20	20	10	10	20	10	10
диодная подсветка бассейна купить	-
светильники для бассейнов цена	-
светильник для каркасного бассейна	-
skimmer	140	0.304635761589404	140	140	140	140	170	140	170	140	140	140	140	140
пластиковая запорная арматура	10	1.0	20	10	10	10	10	10	10	10	10	10	10	10
купить бассейны и оборудование	-
светильники для бассейна светодиодные	-
освещение для бассейна купить	10	1.0	10	10	10	10	10	10	10	10	10	10	10	10
светодиодный светильник для бассейна	10	0.7714285714285715	10	10	0	0	10	10	10	10	10	10	10	10
фонарь для бассейна	30	1.0	10	10	10	10	20	40	50	90	40	40	40	20
светодиодные светильники для бассейнов купить	-
подсветка бассейнов	30	1.0	20	10	20	30	30	30	40	70	70	30	30	20
магазин оборудования для бассейнов	-
купить скиммер для бассейна	50	0.9387755102040816	10	10	30	10	20	30	40	210	140	30	10	10
купить скиммер для бетонного бассейна	10	1.0	0	0	0	0	0	0	0	0	0	0	0	10
оборудование для дезинфекции помещений	10	0.5714285714285714	10	10	10	10	10	0	10	0	10	10	10	10
очистка воды бассейнов	-
оборудование бассейна цена	10	1.0	10	10	10	10	10	0	10	10	10	10	10	10
подводное освещение бассейна	10	0.0	10	0	0	0	0	10	10	10	0	10	0	10
светодиодный прожектор в бассейн	-
светильники для бассейна нержавейка	-
купить фонарь для бассейна	10	0.761904761904762	0	0	0	0	0	0	0	0	0	0	0	10
интернет магазин оборудования для бассейнов	10	0.0	10	0	10	10	10	0	0	10	10	10	0	10
купить комплект оборудования для бассейна	10	1.0	0	0	0	0	0	0	0	10	10	0	10	10
подводные светильники для бассейна встраиваемые	-
оборудование для саун и бань украина	10	0.9428571428571428	0	0	10	10	20	10	10	40	10	10	10	10
оборудование для очистки бассейна	-
оборудование для бассейнов интернет магазин	-
купить led в бассейн	-
бассейн оборудование киев	-
скиммеры купить	70	0.9906832298136645	40	40	70	30	50	70	140	170	110	90	50	50
подсветка в каркасный бассейн	-
светодиодные светильники для бассейна	-
оснащение для бассейна	-
скиммер цена	10	0.7857142857142857	10	0	10	0	10	10	10	10	10	10	10	10
led подсветка бассейна	10	0.5714285714285714	0	10	0	10	10	10	10	10	10	10	10	10
оборудования для бассейна	10	0.047619047619047616	0	10	10	10	10	10	10	10	10	10	10	10
купить светодиодное освещение в бассейн	-
купить светодиодное освещение для бассейна	-
оборудование для уличного бассейна	10	1.0	10	10	10	10	10	10	10	10	10	10	0	10
светильники для бассейна led	-
оборудование для бассейнов киев	90	0.4883116883116883	40	30	90	110	110	90	140	140	70	70	30	110
лампа для каркасного бассейна	-
скиммер для бассейна цена	10	1.0	10	10	10	10	10	10	10	10	10	10	10	10
купить оборудование для сауны	10	1.0	10	10	10	10	10	10	10	0	10	10	10	10
светильники для бассейна цена	-
подводное освещение бассейнов	10	1.0	10	10	20	10	10	10	20	30	10	20	10	10
подсветка бассейна цена	-
скиммер в бассейне	10	0.6666666666666666	10	10	10	0	10	10	10	30	50	10	10	10
купить оборудование для бассейнов	30	1.0	20	30	30	20	40	40	40	50	30	50	20	10
светильники для бассейна купить украина	10	1.0	0	0	0	0	0	10	20	70	20	30	10	20
подводный прожектор для бассейна	10	0.0	10	10	10	10	10	10	10	10	0	10	10	10
для бассейнов	20	1.0	10	10	10	10	10	10	20	70	20	10	10	10
лампа для бассейна купить	-
купить освещение для бассейна	-
скиммеров	590	0.8115942028985508	320	480	480	480	720	590	720	1000	720	590	390	320
оборудование для саун	50	0.9809523809523809	40	70	70	70	70	30	20	10	20	30	70	50
магазин всё для бассейнов	10	0.0	10	0	10	10	10	10	10	10	10	0	10	10
светильник в бассейн цена	-
дезинфекция бассейнов без хлора	-
подсветка для бассейна	40	1.0	20	40	30	10	50	40	40	140	70	40	10	20
купить светильник для бассейна	10	1.0	10	10	10	10	10	10	10	10	10	10	10	10
оборудование для бассейнов магазин	-
подводный светильник для бассейна	30	0.5833333333333334	10	40	70	30	30	50	20	50	10	10	10	10
скиммер бассейна	10	0.5714285714285714	10	10	0	10	10	10	10	10	10	10	10	10
оборудование бассейнов купить киев	-
светильник в бассейн купить	10	1.0	10	10	10	10	10	10	10	10	0	10	10	10
led светильник для бассейна	10	1.0	0	10	10	10	10	20	10	10	10	10	10	10
оборудования для бассейнов	390	1.0	140	260	260	260	390	320	590	880	390	320	260	170
аппарат для обеззараживания воды	10	0.0	10	10	10	0	0	0	10	10	10	0	10	10
оборудование для сауны цены	10	0.7619047619047619	10	10	10	10	10	10	10	10	10	10	10	10
прожектор бассейн	10	1.0	10	10	0	0	10	10	10	10	10	0	10	10
светодиодная подсветка в бассейн	-
ночная подсветка бассейнов	-
скиммер бассейн	10	0.5714285714285714	10	10	0	10	10	10	10	10	10	10	10	10
купить оборудование для бассейна	30	1.0	20	30	30	20	40	40	40	50	30	50	20	10
оборудование для дезинфекции	10	1.0	10	10	10	10	10	10	10	10	10	10	10	10
светодиодное освещение для бассейнов	-
скиммеры для бассейнов размеры	-
оборудование плавательного бассейна	-
бассейн оборудование	10	0.7619047619047619	10	10	10	10	10	20	20	10	10	20	10	10
электрическая каменка парогенератор	-
оборудование для обеззараживания воды	10	1.0	0	0	0	10	20	20	10	10	10	10	0	10
купить лед светильники в бассейн	-
прожектор для бассейна купить	-
лампы для бассейнов	10	0.42857142857142855	10	10	10	10	10	10	20	20	10	10	10	10
оборудование для бассейнов цены	10	0.6071428571428571	10	10	10	10	10	20	10	10	10	10	10	10
светодиодная лампа для бассейна	10	0.0	10	10	10	10	10	10	10	0	0	10	10	10
оборудование для бассейнов оптом	-
освещение для бассейна	20	0.8928571428571429	10	10	50	40	20	20	20	20	20	20	10	20
свет для бассейна	10	1.0	10	10	10	10	10	10	10	10	10	10	10	10
светильники в бассейн	10	1.0	10	10	20	10	10	10	10	20	20	20	20	10
магазин оборудования для бассейна	-
всё для бассейнов	50	0.6703296703296703	20	10	20	20	50	90	50	140	90	40	10	10
дезинфекция воды в бассейне хлором	-
скиммер для бассейна это	10	0.1714285714285714	10	10	10	10	10	10	10	30	10	10	10	10
led светильники для бассейна	10	1.0	0	10	10	10	10	20	10	10	10	10	10	10
подсветка в бассейне	30	0.8660714285714286	10	10	20	10	20	30	30	110	50	20	10	20
подсветка бассейна led	10	1.0	0	0	0	10	0	10	10	10	10	0	0	10
светодиодная подсветка бассейна цена	-
фонарики для бассейна	30	1.0	10	10	10	10	20	40	50	90	40	40	40	20
оборудование для бассейна цена	10	0.6071428571428571	10	10	10	10	10	20	10	10	10	10	10	10
оборудование для дезинфекции воды в бассейне	-
все для саун	170	1.0	170	260	260	210	140	90	140	50	110	90	110	170
все для бассейнов киев	20	0.1951219512195122	10	10	10	10	10	10	30	90	20	30	10	40
светодиодные светильники в бассейн	10	0.8571428571428571	0	10	10	10	10	0	10	0	10	0	0	10
все для бассейнов интернет магазин украина	-
все для бассейнов магазин	-
купити лампу для басейнів	10	1.0	0	0	0	0	0	0	0	0	0	0	0	10
оборудование для плавательных бассейнов	10	0.2	10	10	10	10	10	10	10	10	10	10	10	10
светильники для освещения помещения бассейна	-
светильники для бассейна	70	1.0	30	50	50	40	40	70	140	90	70	50	40	30
купить led для бассейна	-
подсветка для бассейна led	-
фонарь в бассейн	10	1.0	10	10	10	10	10	10	20	30	20	10	10	10
для бассейнов оборудование	-
светильники для бассейнов купить	-
светодиодные лампы для бассейнов купить	-
светильники в бассейн купить	10	1.0	10	10	10	10	10	10	10	10	0	10	10	10
светодиодная подсветка бассейна	10	1.0	0	10	0	10	10	0	0	10	0	10	0	10
светильник для бассейна светодиодный накладной	-
скиммер для бассейнов	-
скиммер kripsol	10	1.0	0	10	10	10	10	10	10	10	10	10	10	10
светильник в каркасный бассейн	-
комплект оборудования для бассейна цена	-
светильник в бассейн на батарейках	-
скиммер купить цена	-
лампы для бассейна	10	0.42857142857142855	10	10	10	10	10	10	20	20	10	10	10	10
купить светильник в бассейн	10	1.0	0	0	0	0	10	10	10	10	10	0	10	10
подсветка бассейна своими руками	10	0.7714285714285715	10	10	0	0	10	10	20	20	10	10	0	10
фонари для бассейна	30	1.0	10	10	10	10	20	40	50	90	40	40	40	20
купити скіммер для басейну	-
оборудование для сауны купить	10	0.9523809523809524	10	0	10	10	10	10	10	10	10	0	0	10
освещение бассейна светодиодное	10	0.0	0	0	0	0	0	10	0	0	10	10	0	10
скиммер для бетонного бассейна	10	0.7619047619047619	0	0	0	0	0	0	0	10	10	10	10	10
скиммер для бассейна купить	20	0.7142857142857142	10	0	10	10	10	10	40	70	70	20	10	10
купить светодиодные лампы для бассейна	10	0.9285714285714286	0	0	0	10	10	10	10	10	10	0	10	10
купить прожектор в бассейн	-
бассейное оборудование	10	0.75	10	10	10	10	10	10	10	10	10	10	10	10
обладнання для бассейна	10	1.0	0	0	0	0	0	0	0	0	0	0	0	10
продажа оборудования для бассейна	10	0.0	0	10	0	0	0	10	0	10	0	10	0	10
skimmer price	20	0.02040816326530612	20	20	10	10	10	40	30	10	10	10	10	10
подсветка бассейна купить	10	1.0	0	10	10	0	10	0	10	10	10	0	10	10
светодиодное освещение в бассейне	-
оборудование для стерилизации и дезинфекции	10	0.38095238095238093	10	0	10	10	10	10	10	10	10	0	0	10
светодиодный прожектор для бассейна	-
оборудование для сауны и бани	10	0.0	10	10	10	10	10	0	10	10	10	0	10	10
лед освещение для бассейна	-
оборудование для сауны украина	-
интернет магазин оборудования для бассейна	10	1.0	0	0	0	0	0	0	10	0	0	0	0	10
оборудование для сауны	50	0.9809523809523809	40	70	70	70	70	30	20	10	20	30	70	50
скиммер для бассейна под бетон	10	1.0	10	0	0	0	0	0	10	10	10	0	0	10
светодиодное освещение бассейна	10	1.0	0	10	0	0	0	10	10	0	0	10	10	10
все для бассейнов	50	0.6703296703296703	20	10	20	20	50	90	50	140	90	40	10	10
подсветка в бассейн купить	-
лампы для бассейна купить	10	1.0	10	10	0	0	0	10	10	10	10	0	0	10
оборудование для бани и сауны	10	0.8928571428571428	10	10	10	10	10	10	10	10	10	10	10	10
оборудование для очистки воды в бассейне	10	1.0	10	10	10	10	10	10	10	30	10	10	10	10
освещение для бассейна цена	-
светильники для бассейна 12в	-
скиммер для бассейна из нержавейки	-
скиммер купить в екатеринбурге	-
скиммеры для бассейна	10	1.0	10	10	10	0	10	10	10	10	10	30	10	10
освещение бассейнов нормы	10	1.0	0	0	0	0	0	0	0	0	0	0	10	10
подводные светильники для бассейна	30	0.5833333333333334	10	40	70	30	30	50	20	50	10	10	10	10
светодиодный светильник для бассейна купить	-
светодиодные фонари для бассейна	-
стоимость оборудования для бассейна	10	1.0	0	0	0	10	10	10	0	10	10	10	0	10
светильники для освещения бассейнов	-
запорная арматура пвх	10	0.0	10	10	10	10	10	10	10	10	10	10	10	10
оборудование для бассейнов цена киев	-
подсветка для бассейна купить	10	1.0	10	10	10	10	10	10	10	20	10	10	10	10
купить оборудование для бассейна киев	-
скімер для басейну	-
светодиодное освещение для бассейна	-
освещение в бассейне	10	0.4642857142857143	10	10	10	10	10	10	30	10	10	10	10	10
лампы для бассейнов цены	-
оборудование для бассейна	390	1.0	140	260	260	260	390	320	590	880	390	320	260	170
оборудование сауны	10	0.0	10	10	10	10	10	10	10	10	10	10	10	10
оснащение бассейна	-
запорная арматура для воды	70	1.0	90	50	50	110	50	40	90	90	90	50	110	90
лед светильники для бассейнов	-
накладные светильники для бассейна	10	1.0	0	0	0	10	0	10	10	10	10	10	10	10
подсветка для бассейнов	40	1.0	20	40	30	10	50	40	40	140	70	40	10	20
купить светодиодные светильники в бассейн	-
электрокаменка с парогенератором	20	1.0	20	30	20	50	30	20	20	10	20	10	10	20
диодный светильник в бассейн	-
оборудование для бассейна интернет магазин	-
светодиодное освещение бассейнов	10	1.0	0	10	20	10	10	10	10	10	10	20	10	10
освещение помещения бассейна	-
оснащение бассейна в доу	-
все для саун киев	50	0.9878419452887538	70	110	70	70	40	30	40	20	30	20	30	50
куплю оборудование для бассейна	-
оборудование для бассейнов в украине	-
оборудование для бассейнов купить	20	1.0	10	10	10	10	30	30	30	20	10	20	20	10
прожектор для бассейна цена	-
подводное освещение для бассейнов	-
оборудование для сауны в украине	10	1.0	10	10	10	10	0	10	10	0	10	10	10	10
подсветка для бассейна bestway	-
купить оборудование для дезинфекции	-
бассейны и оборудование	10	1.0	0	10	10	10	10	10	20	10	10	10	10	10
оборудование для саун и бань	10	0.0	10	10	10	10	10	0	10	10	10	0	10	10
оборудование для бассейна купить	20	1.0	10	10	10	10	30	30	30	20	10	20	20	10
дезинфекция бассейнов	10	0.75	10	10	10	10	10	10	10	10	10	10	10	10
фонари в бассейн	10	1.0	10	10	10	10	10	10	20	30	20	10	10	10
скиммеров это	-
дезинфекция воды в бассейне	10	0.5714285714285714	10	20	10	10	10	10	10	40	20	10	10	10
скиммеры для бассейнов	10	0.0	10	10	0	0	10	10	0	10	10	10	10	10
купить светильники для бассейна	10	1.0	10	10	10	10	10	10	10	10	10	10	10	10
запорная арматура пвх для бассейна	-
электрокаменка с парогенератором купить	10	1.0	10	10	10	10	10	10	10	10	10	0	10	10
скиммер банкомат	30	0.015306122448979591	20	20	10	10	20	30	20	20	40	70	70	50
подводный свет для бассейна	-
фонари для бассейнов	-
оборудование бассейн	20	0.9642857142857143	10	10	10	10	40	10	40	30	10	20	10	10
светодиодный фонарь для бассейна	-
подсветка бассейна	30	1.0	20	10	20	30	30	30	40	70	70	30	30	20
скиммер для бассейна купить в краснодаре	-
подводные фонари для бассейна	10	1.0	0	10	10	10	10	10	10	10	10	10	10	10
купить оборудования для бассейна	-
купить оборудование для бассейна от производителя	-
led лампы для бассейна	10	0.5	10	10	0	0	10	10	10	10	0	10	10	10
фонари для каркасного бассейна	-
оборудование для дезинфекции бассейнов	10	0.0	10	0	10	0	0	0	10	10	10	10	10	10
освещение в бассейн	10	0.4642857142857143	10	10	10	10	10	10	30	10	10	10	10	10
купить светильник для бассейна светодиодный	-
бассейн прожектор цена	-
лампы для освещения бассейна	-
цена оборудования для бассейна	-
диодные светильники для бассейна	-
трансформатор для освещения бассейна	-
skimmer перевод	20	0.0	20	20	20	10	10	20	20	20	30	20	20	20
скиммер бассейн купить	-
купить подсветку для бассейна	10	1.0	10	10	20	10	20	10	20	30	10	10	10	10
подсветка воды в бассейне	-
лампа фара для бассейна	10	0.9285714285714286	0	0	0	0	0	0	0	0	0	0	0	10
светодиодная подсветка для бассейна	10	0.8571428571428571	0	0	0	0	10	10	10	10	10	0	10	10
скиммер для бассейна размеры	-
купить оборудование для бассейна в украине	10	0.9821428571428572	10	10	0	0	10	10	10	10	10	10	20	20
лампа в бассейн	10	1.0	10	10	10	10	10	10	10	20	10	10	10	10
светильники для бассейна из нержавейки	-
светодиодные светильники для бассейнов	10	0.7714285714285715	10	10	0	0	10	10	10	10	10	10	10	10
бассейны и оборудование краснодар	-
скіммер для басейну	20	1.0	10	10	10	10	20	20	20	70	40	10	10	10
светильник в бассейн 12 в	-
прожектор в бассейн	10	0.8571428571428571	10	10	10	10	10	10	0	10	10	10	10	10
купить лампу для бассейна	10	1.0	10	10	0	10	0	10	10	10	10	10	10	10
светильники в бассейн цена	-
светодиодные лампы для бассейна	10	0.8571428571428571	10	0	10	0	10	10	10	10	10	10	10	10
скиммер купить	70	0.9906832298136645	40	40	70	30	50	70	140	170	110	90	50	50
оборудование для дезинфекции и стерилизации	10	0.0	10	0	10	0	10	10	10	0	10	0	10	10
оборудование для бань и саун	10	1.0	10	10	10	10	10	20	10	0	10	0	10	10
оборудование для бассейна магазин	-
фонари для бассейна цена	-
купить скиммер в бассейне	-
подсветка каркасного бассейна своими руками	-
оборудование для бассейнов купить киев	-
бассейны оборудование цены	-
купить оборудование для бассейна интернет магазин москва	-
светильник для бассейна светодиодный встраиваемый	-
купить скиммер	30	1.0	10	20	30	20	10	20	20	90	40	40	20	20
лед светильники в бассейн	-
подсветка в бассейн	30	0.8660714285714286	10	10	20	10	20	30	30	110	50	20	10	20
лампа светодиодная для бассейна	10	1.0	10	0	10	0	0	0	10	0	0	0	10	10
печи для бани и сауны ставрополь ставропольский край	-
лед прожектор для бассейна	-
подсветка для бассейнов оборудование	-
обеззараживание воды в бассейне на даче	10	0.6785714285714286	0	0	0	10	10	10	10	20	10	10	10	10
светильник для бассейна подводный	10	1.0	10	10	10	10	10	10	10	10	10	10	10	10
оборудование для бассейнов цена	10	0.6071428571428571	10	10	10	10	10	20	10	10	10	10	10	10
оборудование для бассейнов украина	10	1.0	10	10	10	30	10	20	10	10	20	20	30	10
лампочки для бассейна	-
купить светодиодную лампу для бассейна	10	0.9285714285714286	0	0	0	10	10	10	10	10	10	0	10	10
купить оборудование для домашнего бассейна	-
купить освещение в бассейн	-
оборудование для бассейнов в киеве	10	0.5	10	0	10	0	10	10	0	10	10	0	10	10
бассейнов оборудование	-
комплект оборудования для бассейна	10	0.9428571428571428	10	10	10	10	10	10	10	20	10	10	10	10
светильники для бассейнов светодиодные подводные	10	0.0	0	0	0	10	10	10	10	10	10	0	10	10
светильник для бассейна led	-
скіммер	10	0.05714285714285714	10	10	10	10	10	10	10	10	10	10	10	10
купить лед светильники для бассейна	-
подводная подсветка бассейна	-
оборудование для сауны цена	10	0.7619047619047619	10	10	10	10	10	10	10	10	10	10	10	10
оборудование бассейнов для инвалидов	-
скиммер бассейна это	-
оборудование для бассейна киев	90	0.4883116883116883	40	30	90	110	110	90	140	140	70	70	30	110
подводные лампы для бассейна	10	1.0	0	0	0	0	0	0	0	0	0	0	0	10
скиммер крипсол	10	1.0	10	0	0	10	10	10	0	10	10	10	10	10
купить оборудование для бассейна в москве	-
светильник в бассейн	10	1.0	10	10	20	10	10	10	10	20	20	20	20	10
электрокаменка с парогенератором для сауны	10	1.0	10	10	10	10	10	0	10	0	0	0	0	10
светодиодная подсветка бассейнов	10	1.0	0	10	0	10	10	0	0	10	0	10	0	10
подсветка для каркасного бассейна	10	1.0	10	10	10	10	10	10	10	50	30	10	10	10
купить скиммер для бассейна бу	-
светодиодные лампы для бассейнов	10	0.0	10	10	10	10	10	10	10	0	0	10	10	10
купить прожектор для бассейна	10	1.0	10	10	10	10	10	10	10	10	10	10	10	10
подсветка для бассейнов цена	-
оборудование для бассейнов купить в украине	-
лед подсветка бассейна	-
подсветка для бассейна купить в москве	-
оборудование для дезинфекции предстерилизационной обработки и стерилизации	-
скиммер для бассейна купить минск	-
лампа для бассейна	30	0.9404761904761904	10	10	20	30	10	50	40	50	20	20	10	20
оборудование сауны в доме	-
для бассейна оборудование	-
купить скиммер для бассейна intex	10	1.0	10	0	10	10	10	0	10	70	10	10	10	10
оборудование для уличного бассейна цена	-
скиммеры для бассейнов фото	-
освещение в бассейне цена	-
скиммер это	70	0.125	70	50	70	70	90	90	70	70	50	50	30	50
оборудование для бани и сауны цены	-
оборудование для дезинфекции воды	10	0.0	0	10	10	10	10	10	10	10	0	10	0	10
освещение в бассейнах купить	-
лампы для бассейнов 300w/12v par 56	10	1.0	10	0	10	10	10	10	10	10	0	0	10	10
ультрафиолетовая лампа для бассейна цена	-
оборудование бассейнов	20	0.9642857142857143	10	10	10	10	40	10	40	30	10	20	10	10
оборудование для дезинфекции купить	10	0.0	0	0	10	0	0	10	10	10	10	10	10	10
все для бассейнов купить киев	-
лампа для бассейна цена	-
аппарат для дезинфекции оттисков	10	0.0	10	10	10	0	0	10	10	10	10	10	10	10
skimmer pool	-
skimmer gta sa	-
ремонт бассейнов. оборудование для бассейнов. интернет магазин бассейнов москва	-
обеззараживание воды в бассейнах	10	0.18181818181818182	0	0	0	0	0	0	0	10	0	10	10	10
светильники для бассейнов купить в москве	-
лампа поплавок в бассейн	-
лед освещение в бассейн	-
обеззараживание бассейнов	-
led прожектор для бассейна	10	1.0	10	10	10	10	10	10	10	10	10	10	10	10
купить скиммер для бассейна в минске	-
бассейн с подсветкой	10	0.45238095238095233	10	10	10	10	10	20	10	10	20	30	10	10
как правильно установить скиммер в бассейн	10	1.0	10	10	0	0	10	0	10	10	10	10	0	10
подсветка бассейна intex	10	1.0	10	0	10	10	10	0	10	10	10	10	0	10
оборудование для бассейна харьков	40	0.9813664596273293	20	10	10	20	30	40	50	110	70	40	10	20
оборудование бассейна	20	0.9642857142857143	10	10	10	10	40	10	40	30	10	20	10	10
подводный фонарь для бассейна	-
обладнання для басейну ціна	10	0.8571428571428571	10	10	10	10	10	10	10	10	10	10	10	10
подсветка в бассейн интекс	-
скиммеры купить спб	-
продажа оборудования для бассейнов спб	-
химия для бассейнов киев	210	0.7393483709273182	50	70	50	40	90	140	480	880	320	140	140	50
диодная подсветка бассейна	-
все для бассейна магазин	10	0.0	0	0	0	0	0	0	0	0	0	10	0	10
запорная арматура для пвх труб	-
очистка воды бассейна солью	-
освещение бассейна	20	1.0	20	40	10	20	20	20	30	30	30	40	20	20
все для саун астана	-
светильники для бассейна купить киев	-
освещение бассейна на даче	-
настенные светильники для бассейна	-
светильники для бассейнов	70	1.0	30	50	50	40	40	70	140	90	70	50	40	30
бассейное оборудование спб	-
аппарат для обеззараживания воды 8 букв	10	0.17857142857142855	10	10	10	10	10	10	10	10	10	10	10	10
оборудование для бассейна купить минск	-
свет для бассейна купить киев	-
светодиодная лампа для бассейна киев	-
скиммер для бассейнов intex	-
светильник для бассейна купить	-
скиммер в бассейн цена	-
оборудование для бассейна цены	10	0.6071428571428571	10	10	10	10	10	20	10	10	10	10	10	10
все для басейну	10	1.0	0	0	0	0	0	0	0	0	10	10	10	10
аппарат для обеззараживания воды воздуха 8 букв	10	0.07142857142857142	10	0	10	10	10	10	10	0	0	10	0	10
лед светильники для бассейна	-
оборудование для бассейна купить киев	10	1.0	0	0	0	0	0	0	0	0	0	0	0	10
купить оборудование для инфракрасной сауны	-
оборудование для бассейна стоимость	-
освещение для бассейна купить киев	-
освещение в бассейнах	10	1.0	0	0	0	10	0	0	10	0	0	0	0	10
оборудование саун	10	0.0	10	10	10	10	10	10	10	10	10	10	10	10
электрокаменка с парогенератором отзывы	10	1.0	10	10	10	10	10	10	10	10	0	10	10	10
лампы для бассейна купить киев	-
оборудование для очистки воды в казахстане	-
скиммер купить банкомат	10	0.2857142857142857	10	10	10	10	10	10	10	10	10	10	10	10
аппарат для дезинфекции	10	1.0	10	10	10	10	10	10	10	10	10	10	10	10
освещение каркасного бассейна	-
бассейн прожектор перово	-
оборудование для бассейнов днепр	20	0.9548872180451129	10	10	10	20	20	10	30	50	20	70	20	20
для бассейнов краска	-
фонарь для бассейна спб	-
бассейн с подсветкой фото	-
магазин все для бассейнов екатеринбург	-
фонарь для бассейна intex	-
прожектор для бассейна купить в москве	-
светильник для бассейна светодиодный intex 56688	-
как сделать освещение в бассейне	-
купить ультрафиолетовую лампу для бассейна	10	1.0	10	10	10	10	10	10	10	10	10	10	10	10
обеззараживание воды в бассейне перекисью водорода	10	0.7142857142857143	10	0	0	10	10	10	10	20	10	10	0	10
оборудование бассейна своими руками	-
обладнання для басейну	10	1.0	0	10	10	10	20	20	20	10	10	10	10	10
оборудование для дезинфекции маникюрных инструментов	10	0.7714285714285715	10	10	10	10	0	10	10	10	10	0	10	10
купить скиммер для бассейна интекс	-
led светильники в бассейн	-
оборудование для очистки бассейнов купить	-
аппарат для дезинфекции маникюрных инструментов	10	1.0	10	10	10	10	10	10	10	10	20	20	10	10
оборудование для чистки бассейна	10	0.0	10	10	10	0	10	10	10	10	10	10	0	10
аппарат для дезинфекции обуви	10	0.6666666666666666	10	10	10	10	10	10	10	10	10	10	10	10
лампа для бассейна par56	-
оборудование сауны своими руками	-
скиммер банкомата цена	-
купить скиммер для пруда	20	1.0	10	20	10	10	20	40	40	40	20	20	30	20
купить фонарь в бассейн	-
купить скиммер для аквариума	10	1.0	10	10	40	20	20	20	10	10	10	10	10	10
освещение бассейна нормы	10	0.2857142857142857	10	10	10	10	10	10	10	10	0	10	10	10
скиммер для бассейна своими руками	30	0.6	10	10	10	10	10	10	40	140	90	30	10	10
виды скиммеров	-
бассейновое оборудование	10	0.14285714285714285	10	10	10	10	10	10	10	10	10	10	10	10
оборудование саун в спб	-
оборудование для бассейнов цена астана	-
светильники для бассейна купить	-
магазины оборудования для бассейнов екатеринбург	-
скиммер в бассейн	10	0.6666666666666666	10	10	10	0	10	10	10	30	50	10	10	10
освещение бассейна светильники	10	1.0	10	10	10	10	10	10	10	10	10	10	10	10
светильник для бассейна светодиодный	-
скиммер для бассейна купить украина	10	0.7857142857142857	10	10	10	0	10	10	20	70	20	10	10	10
скиммер в бассейн своими руками	-
подсветка для бассейна своими руками	10	1.0	10	10	0	0	10	10	10	10	10	10	10	10
химия для бассейнов купить киев	30	0.38311688311688313	30	30	10	0	10	20	50	70	30	10	40	20
оборудование для бассейнов киев купить	-
светодиодный светильник в бассейн	-
бс-центр продажа оборудования для бассейнов и саун санкт-петербург	-
оборудование для бассейнов спб	10	0.0	10	10	10	10	10	10	10	10	10	10	10	10
светодиодная подсветка бассейна своими руками	-
купить скиммер для каркасного бассейна	20	1.0	10	10	10	10	0	10	10	110	40	10	10	10
оборудование для бассейнов краснодар	10	1.0	0	10	10	10	10	10	10	10	10	10	10	10
светодиодное освещение в бассейн	-
скиммер бассейн что такое	-
подсветка в бассейн на батарейках	-
обеззараживание воды в бассейне	10	0.2857142857142857	10	10	10	10	10	10	10	40	20	20	10	10
скиммер для бассейна купить в москве	-
скиммер kripsol sksl	-
подсветка для бассейнов intex	-
системы очистки воды бассейнов	10	1.0	0	0	10	10	10	0	0	10	0	0	0	10
светильники для бассейнов и фонтанов	-
скиммер для бассейнов intex 58949	-
все для бассейнов краснодар	-
химия для бассейнов цена киев	-
оборудование для бассейна москва	10	0.5	10	10	10	0	10	10	10	10	10	10	10	10
подсветка бассейна светодиодной лентой	-
запорная арматура для горячей воды	-
скиммер нефтесборщик цена	-
купить оборудование для бассейнов в самаре	-
бассейны и оборудование владимир	-
оборудование для бассейна алматы	-
оборудование для очистки дна бассейна	-
ультрафиолетовая лампа для бассейна купить	-
купить скиммер для бассейна в украине	10	1.0	10	0	10	10	10	10	10	10	10	10	10	10
оборудование бассейнов киев	-
освещение бассейна своими руками	10	0.8571428571428571	0	10	0	0	0	10	0	10	10	10	0	10
казань купить светильники для бассейнов	-
печи для бани и сауны	30	0.989010989010989	40	50	50	70	30	40	30	20	20	10	10	10
все для бассейнов саратов	-
подсветка бассейна на батарейках	-
лампа для прожектора в бассейн	-
скиммер для бассейна intex	10	0.3333333333333333	0	10	10	10	10	10	10	30	30	10	10	10
все для саун и бань	30	0.8345864661654135	50	70	20	50	30	10	30	10	10	10	10	20
запорная арматура для окон пвх	-
сухой бассейн с подсветкой	10	1.0	10	10	10	10	10	10	10	10	10	0	10	10
скиммер для аквариума	50	0.9816849816849816	30	40	70	90	70	50	40	50	40	50	30	40
стоимость монтажа оборудования для бассейна	-
оборудование для бассейнов алматы цены	-
магазин все для бассейнов в краснодаре	-
все для бассейнов харьков	10	1.0	10	10	10	10	10	10	30	30	10	10	0	10
оборудование для сауны в ташкенте	-
обеззараживание бассейна зеленкой	-
оборудование для бассейнов купить в москве	10	0.0	0	0	0	10	0	10	0	10	0	0	10	10
все для бассейна магазин екатеринбург	-
дезинфекция бассейнов хлором	-
оборудование бассейна в детском саду	-
skimmer hovuz	-
оборудование для саун и бань харьков	-
аппарат для дезинфекции рук	10	1.0	0	10	10	10	10	10	10	10	10	0	10	10
типы скиммеров	-
свет бассейна	-
подсветка для бассейна intex	10	0.0	10	0	0	10	10	10	20	50	10	10	10	10
освещение для бассейна алматы	-
уф лампы для бассейна купить	-
все для саун и бань красноярск	-
печи для бани и сауны своими руками	-
светильники для бассейнов купить в алматы	-
для бассейнов пылесос	-
химия для бассейнов киев купить	10	0.24060150375939848	10	10	0	10	10	10	20	40	10	10	20	20
скиммер бассейн видео	-
skimmer pool intex	-
купить оборудование для бассейнов в москве	-
подсветка в бассейне своими руками	-
оборудование для бассейнов одесса	20	0.7142857142857142	10	10	10	10	20	20	50	30	20	20	10	10
купить фонари для бассейна	-
все для бассейна интернет магазин	-
для бассейнов аксессуары	-
кислород очистка воды бассейна	-
оборудование для саун и бань в харькове	-
оборудование сауны спб	-
скиммер купить минск	-
обеззараживание воды в бассейне медным купоросом	-
навесные скиммеры для бассейнов	-
оборудование для бассейна купить в москве	10	0.0	0	0	0	10	0	10	0	10	0	0	10	10
оборудование для сауны киев	-
скиммер навесной для бассейна цена	-
дезинфекция бассейнов солью	-
купить скиммер на банкомат	10	0.0	10	10	10	10	0	10	10	10	0	10	10	10
купить скиммер для бассейна бествей	-
оборудование для бассейна спб	10	0.0	10	10	10	10	10	10	10	10	10	10	10	10
оборудование бассейнов рига	-
скиммер для бассейна купить в алматы	-
скиммер ( универсал.) kripsol sksl	-
оборудование для очистки воды в загородном доме	10	1.0	0	0	0	0	0	0	0	0	0	0	0	10
бассейны и оборудование уфа	-
skimmer pool bestway	-
дезинфекция воды в бассейне без хлора	10	1.0	10	20	10	10	10	10	10	10	10	10	10	10
надувной бассейн с подсветкой	-
все для бассейнов ростов	-
оборудование саун и бань	-
банда скиммеров	-
скиммер для пруда	110	0.9825072886297377	40	30	50	50	90	140	260	260	210	110	40	50
оборудование для сауны в доме	10	1.0	10	10	30	10	20	10	10	10	10	0	0	10
оборудование для бассейна купить в твери	-
дезинфекция бассейна в домашних условиях	10	0.0	10	0	0	10	10	10	10	50	20	10	10	10
оборудование для дезинфекции помещений купить	-
оборудование для саун астана	-
бассейн оборудование алматы	-
светильник для бассейна светодиодный купить	10	1.0	0	0	0	0	0	0	0	10	0	0	0	10
купить скиммер для бассейна в алматы	-
ультрафиолетовая лампа для бассейна купить киев	-
магазин все для бассейнов саратов	-
запорная арматура для холодной воды	-
skimmer kripsol	-
аппарат для обеззараживания воды воздуха	-
электрокаменка харвия с парогенератором	-
скиммер для бассейна bestway	10	1.0	0	10	10	10	10	10	10	30	30	10	10	10
купить скиммер для морского аквариума	10	1.0	10	10	10	10	10	10	10	10	10	10	10	10
скиммер для бассейна харьков	10	1.0	0	0	0	0	0	0	0	0	30	30	10	10
купить оборудование для бассейна в алматы	-
оборудование для очистки воды в квартире	10	1.0	0	0	0	0	10	10	0	0	10	0	0	10
как называется аппарат для обеззараживания воды	-
обеззараживание бассейна белизной	-
skimmer atm	20	0.14285714285714285	20	20	20	20	20	10	10	50	10	10	10	40
купить оборудование для бассейна в краснодаре	-
оборудование бассейны в ташкенте	-
оборудование для саун и бассейнов	-
фонарь для бассейна киев	-
оборудование для саун симферополь	-
обеззараживание воды в бассейне зеленкой	-
внутреннее освещение для бассейна	-
оборудование для бассейна новосибирск	-
запорная арматура для морской воды	-
оборудование для бассейнов купить в новороссийск	-
skimmer pool basket	-
интерактивный сухой бассейн с подсветкой и переключателями	-
цена на монтаж оборудования для бассейнов	-
что такое скиммер в бассейне	-
магазин все для бассейнов энгельс	-
skimmer mount	10	0.0	0	0	0	0	0	0	0	0	0	0	0	10
аппарат для дезинфекции обуви klenz	10	1.0	0	0	0	0	0	0	0	0	10	10	10	10
купить оборудование для бассейнов в ярославле	-
скиммер интекс цена	-
магазин все для бассейнов киев	-
скиммер для бассейна купить в самаре	-
светодиодная подсветка для бассейна на магните	-
для бассейнов таблетки	-
оборудование бассейна на даче	-
skimmer pool system	-
оборудование для бассейнов москва	10	0.5	10	10	10	0	10	10	10	10	10	10	10	10
светильник для бассейна	70	1.0	30	50	50	40	40	70	140	90	70	50	40	30
уф лампы для бассейнов	-
все для бассейнов астрахань	-
электрокаменка для бани с парогенератором	-
химия для бассейнов интернет магазин	-
сауны оборудование для бань	-
оборудование сауны в квартире	-
светильники для бассейнов киев	-
светильник для бассейна цена	-
подсветка для бассейна интекс	-
скиммер купить в алматы	-
оборудование для дезинфекции и дезинсекции	-
дезинфекция воды в бассейне на даче	-
светодиодный прожектор бассейн купить	-
скиммер bestway цена	-
скиммер своими руками	50	0.976190476190476	20	10	10	10	30	30	70	140	170	40	30	20
ультрафиолетовая лампа для бассейна	20	0.7582417582417583	20	10	10	30	30	10	20	50	20	20	10	10
оборудования для бассейна в ташкенте	-
дк прожектор бассейн	-
продажа скиммеров	-
скиммер купить украина	10	1.0	10	10	10	10	10	10	40	10	10	10	10	10
бассейны и оборудование ярославль	-
светильник для бассейна своими руками	-
плавающий фонарь для бассейна	10	0.6785714285714286	0	0	0	0	0	0	0	0	10	10	10	10
освещение бассейна фото	-
все для саун и бань. камины смоленск	-
дезинфекция воды в бассейне солью	-
новости скиммеров	-
бассейновое оборудование одесса	-
бассейны и оборудование москва	-
электрокаменка кристина с парогенератором	-
оборудование для бассейнов купить в таганроге	-
ультрафиолетовые лампы для бассейна	10	1.0	0	0	10	0	0	10	10	10	10	10	10	10
светодиодные лампы в бассейн	-
купить скиммер для бассейна в москве	-
обеззараживание воды бассейнов	-
купить оборудование для бассейнов в екатеринбурге	-
оборудование для бассейнов	390	1.0	140	260	260	260	390	320	590	880	390	320	260	170
печи для бани и сауны в спб	-
оборудование для бассейна владивосток	-
купить скиммер для банкомата в украине	50	0.13533834586466165	20	90	40	30	40	50	50	50	70	50	30	20
как установить скиммер в бассейне	-
для бассейна	90	0.9228571428571428	50	40	30	50	50	40	90	390	140	90	70	50
дезинфекция бассейна перекисью водорода	-
оборудование для бассейнов алматы	-
обеззараживание воды в бассейне солью	10	0.0	0	0	0	10	10	10	10	10	10	0	0	10
оборудование для бассейнов купить в оренбурге	-
skimmer gw2	-
купить подсветка в бассейн	-
купить печи для бани и сауны	40	1.0	40	30	40	30	20	30	50	40	40	30	50	70
химия для бассейнов hth киев	-
запірна арматура для води	10	1.0	20	20	20	10	10	10	10	10	10	10	10	30
скиммер для бассейна принцип работы	-
все для бассейнов ставрополь	-
продам оборудование для бассейнов	-
лампа для бассейна купить киев	-
как работает скиммер в бассейне	-
подсветка для бассейна на солнечных батареях	10	1.0	0	10	0	10	10	10	10	10	10	20	0	10
оборудование для дезинфекции в медицине	10	0.07142857142857142	0	10	0	10	10	10	0	10	10	10	10	10
купить скиммер для бассейна в воронеже	-
аппарат для дезинфекции воздуха	-
astral оборудование бассейнов	-
бассейн прожектор луч	-
skimmer meaning	40	0.0	30	30	20	40	30	30	50	30	30	30	70	40
уф лампа для бассейна цена	-
светильник для бассейна на магните	-
химия для бассейнов купить в киеве	10	0.09523809523809522	0	10	10	10	10	30	30	20	30	10	10	10
светильники для бассейна ташкент	-
дезинфекция воды в бассейне перекисью	-
скиммер купить киев	10	1.0	10	10	10	10	0	50	10	10	10	0	10	10
скиммер для бассейна купить харьков	-
бассейн прожектор	-
skimmer pool meaning	-
отличие печи для бани и сауны	-
обеззараживание домашних бассейнов	-
скиммер для аквариума своими руками	10	0.6190476190476191	10	10	10	10	20	10	20	10	10	10	10	10
светильники для бассейнов 12 вольт	-
обеззараживание воды в бассейне белизной	-
скиммер для бассейна интекс	10	1.0	0	10	10	10	10	10	10	30	10	10	0	10
скиммер для банкомата купить	10	0.11904761904761905	10	20	10	10	10	10	20	10	10	20	20	10
подсветка для бассейна на батарейках	10	1.0	0	0	0	0	0	0	0	0	10	10	10	10
купить оборудование для бассейна в минске	-
все для саун и бань смоленск	-
оборудование для саун хабаровск	-
ультрафиолетовая лампа для бассейна своими руками	10	1.0	10	10	10	10	10	10	20	20	10	10	0	10
оборудование для дезинфекции животноводческих помещений	10	0.0	10	10	10	10	10	10	10	10	10	10	10	10
сколько стоит лампы для бассейнов	-
дезинфекция бассейна белизной	10	0.0	10	0	0	10	0	0	10	10	10	10	0	10
оборудование для бассейна краснодар	10	1.0	0	10	10	10	10	10	10	10	10	10	10	10
скиммер купить новосибирск	-
купить оборудование для бассейна в новосибирске	-
skimmer pool leak	-
обеззараживание воды в бассейне хлором	10	0.0	0	0	0	0	10	10	0	10	10	10	10	10
все для бассейнов челябинск	-
подсветка для бассейна intex 28688	-
скиммер для сож цена	-
оборудование для бассейна в самаре	-
светильники для бассейна минск	-
как сделать бассейн с подсветкой	-
купить оборудование для бассейна спб	-
скиммер для бассейна новосибирск	-
главпулторг - бассейны и оборудование москва	-
магазин все для бассейнов пенза	-
скиммер карт	10	0.07692307692307693	10	20	40	20	10	20	10	10	20	10	10	10
для чего нужен скиммер в бассейне	-
оборудование для бассейнов купить николаев	-
аппарат для дезинфекции нокоспрей	-
skimmer ranch	-
электрические печи для бани и сауны	-
все для бассейнов москва	-
дезинфекция бассейна на даче	-
оборудование для бассейнов самара	-
аппарат для дезинфекции инструментов	10	0.3333333333333333	0	10	0	0	0	10	10	0	10	10	10	10
оборудование для бассейнов минск	-
все для бассейнов новосибирск	-
скиммер для морского аквариума	10	1.0	10	10	10	20	10	10	10	10	10	10	10	10
дезинфекция бассейна медным купоросом	-
магазин все для бассейнов спб	-
все для саун и бань сеть магазинов красноярск	-
все для саун івано-франківськ	-
оборудование для бассейнов в ташкенте	-
skimmer pool robot	-
дезинфекция бассейна зеленкой	-
оборудование для дезинфекции насекомых	10	1.0	0	0	0	0	0	0	0	0	10	10	10	10
оборудование для саун купить	-
оборудование для бассейнов новосибирск	-
светильник rgb для бассейна	-
светильники для бассейна екатеринбург	-
купить скиммер для карт	-
скиммер для бассейна купить киев	-
оборудование для сауны в квартире	10	0.0	0	0	10	0	0	0	0	0	0	0	10	10
дезинфекция воды в бассейне ультрафиолетом	-
чугунные печи для бани и сауны	-
освещение для бассейнов	10	1.0	10	10	30	10	10	10	10	10	10	10	10	10
освещение спортивных бассейнов	-
для бассейна химия	20	0.04464285714285714	10	10	10	10	10	0	10	110	20	10	10	20
оборудование для дезинфекции обуви	-
оборудование для бассейнов екатеринбург	-
светодиодная лента для подсветки бассейна	-
освещение крытых бассейнов	-
для бассейна справка	10	0.4285714285714286	10	0	10	10	10	0	10	10	0	0	0	10
скиммер для бассейна алматы	-
аппарат для дезинфекции ножей	-
подсветка бассейна краснодар	-
скиммер купить воронеж	-
оборудование для сауны в бишкеке	-
оборудование для сауны алматы	-
светильники для бассейна челябинск	-
подсветка для бассейна на алиэкспресс	-
skimmer pump	-
скиммер для аквариума цена	-
бактерицидные лампы для бассейна	-
оборудование для бассейнов купить аксессуары	-
skimmer aquarium	10	0.0	10	0	10	0	0	0	10	10	10	10	0	10
светильник для бассейна фото	-
газовые печи для бани и сауны	10	0.0	0	0	10	0	0	0	0	0	10	0	0	10
обеззараживание воды в бассейне активным кислородом	-
магазин все для бассейнов харьков	-
дезинфекция воды в бассейне купить	-
для бассейна анализы	10	0.14285714285714285	10	10	0	0	0	0	10	0	10	0	0	10
скиммер купить ростов на дону	-
уф лампы для бассейна	10	1.0	0	0	10	0	0	10	10	10	10	10	10	10
skimmer pool install	-
все для бассейнов ташкент	-
все для саун краснодар	10	0.7142857142857143	10	0	0	0	0	0	0	0	0	0	10	10
все для бассейнов алматы	-
подсветка бассейна интекс	-
обеззараживание воды в бассейне гипохлоритом натрия	-
скиммер для бассейна бествей	10	1.0	0	10	10	10	10	10	10	40	40	10	10	10
светильники для бассейнов спб	-
оборудование для бассейнов купить в рязани	-
skimmer pool funktion	-
освещение плавательных бассейнов	-
для бассейна что нужно	-
светильники для бассейна спб	-
бассейны и бассейновое оборудование	-
все для саун и бань астана	-
скиммер для бассейна купить в воронеже	-
скиммер купить спб	-
аппарат для дезинфекции наконечников clevo	-
кварцевая лампа для бассейна	10	1.0	10	0	10	10	10	10	10	10	10	10	10	10
все для бассейнов воронеж	-
оборудование для бассейнов харьков	40	0.9813664596273293	20	10	10	20	30	40	50	110	70	40	10	20
скиммер спрут 2 цена	-
магазин все для бассейна барнаул	-
оборудование для бассейна минск	-
оборудование для дезинфекции вентиляции	-
светильники для бассейнов харьков	-
все для бассейнов хабаровск	-
для бассейна пленка	10	1.0	0	0	10	10	10	0	0	20	10	10	10	10
бассейны и оборудование контек	-
скиммер для бассейна купить спб	-
оборудование для бассейна в детском саду	10	0.19047619047619047	0	0	10	0	0	0	10	10	10	0	0	10
все для бассейнов новороссийск	-
дезинфекция бассейна марганцовкой	-
скиммер для пруда купить	10	1.0	10	10	10	10	10	10	20	20	10	10	10	10
светильники для бассейна алматы	-
светильник для бассейна спб	-
обеззараживание воды в бассейне серебром	-
магазин все для бассейна в алматы	-
скиммер купить atm	-
skimmer eheim	10	0.8095238095238096	0	10	10	10	10	10	0	10	0	10	10	10
дезинфекция бассейна ультрафиолетом	-
оборудование для бассейнов красноярск	-
skimmer bird	10	0.0	10	10	10	10	10	10	10	10	10	0	10	10
skimmer pool anschließen	-
дезинфекция воды в бассейне активным кислородом	-
все для бассейнов екатеринбург	-
skimmer pool obi	-
оборудование для бассейнов воронеж	10	1.0	0	0	0	0	0	10	10	10	10	10	0	10
подсветка для бассейна алматы	-
оборудование для бассейна астана	-
дезинфекция воды в бассейне медным купоросом	-
оборудование для бассейна с морской водой	-
стационарные бассейны оборудование	-
уф лампа для бассейна своими руками	10	1.0	0	0	10	0	0	0	10	10	0	10	10	10
аппарат для дезинфекции клево	-
дезинфекция воды в бассейнах	10	0.5714285714285714	10	10	0	0	0	0	10	10	0	0	10	10
оборудование для бассейна екатеринбург	-
все для саун симферополь	-
подсветка для бассейна на магните	-
скиммер для бассейна купить волгоград	-
скиммер для бассейна отзывы	-
все для бассейнов минск	-
дезинфекция бассейна перекисью	-
скиммер для бассейна купить в иркутске	-
все для бассейнов иваново	-
skimmer fish	10	0.03571428571428571	10	10	0	10	10	10	10	10	10	10	0	10
уф лампа для бассейна	20	0.8979591836734694	10	10	10	10	10	30	20	20	20	20	10	10
для бассейна фильтр	10	1.0	0	0	0	0	10	0	10	10	10	10	10	10
купить обладнання для бассейна	-
освещение вокруг бассейна	-
оборудование для инфракрасных саун	10	1.0	10	20	10	10	10	10	10	10	10	10	10	10
spbpool.ru - бассейны и оборудование санкт-петербург	-
скиммер для бассейна intex 28000	10	1.0	0	10	10	10	10	10	10	20	10	10	10	10
аппарат для дезинфекции помещений	10	1.0	10	10	10	10	10	10	10	10	0	0	0	10
все для саун и бассейнов красноярск	-
лампы для подсветки бассейна	-
освещение для бассейнов купить	10	1.0	10	10	10	10	10	10	10	10	10	10	10	10
скиммер для сож	10	1.0	10	0	10	0	10	10	10	10	10	10	10	10
купить плавающий скиммер для бассейна	20	0.9047619047619048	10	10	10	10	10	10	20	90	40	20	10	10
skimmer price amazon	-
кварцевые лампы для бассейна	-
обеззараживание воды в бассейне фото	-
освещение крытого бассейна	-
для бассейна одежда	-
skimmer pool selber bauen	-
скиммер для бассейна как работает	-
магазин все для бассейна астрахань	-
подсветка каркасного бассейна	-
оборудование для дезинфекции квартир	-
подсветка для каркасных бассейнов	-
оборудование для инфракрасной сауны	10	1.0	10	20	10	10	10	10	10	10	10	10	10	10
дезинфекция бассейна своими руками	-
дезинфекция бассейна без химии	-
галогенные лампы для бассейна	-
оборудование для бассейнов уфа	-
все для бассейнов красноярск	-
аппарат для дезинфекции обуви тимсон	-
скиммер для бассейна купить в оренбурге	-
скиммер intex 28000	10	1.0	0	10	10	10	10	10	10	30	20	10	10	10
все для бассейнов нижний новгород	-
скиммер для удаления масла	-
скидки на бассейны и оборудование	-
skimmer pool einbau	-
skimmer mount gw2	10	0.0	0	0	10	0	0	0	0	10	10	0	10	10
skimmer joker	-
купить оборудование для детского бассейна	-
обеззараживание воды в плавательных бассейнах	-
освещение потолка бассейна	-
оборудование для дезинфекции рук	10	1.0	10	0	0	10	10	10	0	10	0	10	0	10
обеззараживание бассейнов перекисью водорода	-
аппарат для дезинфекции наконечников	-
светильники для бассейна фото	-
все для саун севастополь	-
оборудование для бассейнов иркутск	-
подсветка для бассейна каркасного	-
оборудование для бассейна одесса	20	0.7142857142857142	10	10	10	10	20	20	50	30	20	20	10	10
оборудование для дезинфекции автотранспорта	10	0.5	10	10	10	10	0	0	0	10	10	0	0	10
оборудование для бассейнов бишкек	-
скиммер для бассейна купить екатеринбург	-
купить скиммер intex	-
аппарат для дезинфекции инструментов маникюра цена	-
дезинфекция бассейна активным кислородом	-
оборудование для домашней сауны	-
skimmer pool ersatzteile	-
все для бассейнов иркутск	-
навесной скиммер для бассейна купить	10	1.0	10	0	10	10	20	10	10	10	10	10	10	10
скиммер в пресноводном аквариуме	10	0.8571428571428571	10	10	10	10	10	0	0	10	0	10	10	10
skimmer pool einbauen	-
оборудование для дезинфекции автокондиционера	-
оборудование для ик сауны	10	1.0	10	20	10	10	10	10	10	10	10	10	10	10
оборудование для бассейнов в краснодаре	-
все для бассейнов санкт-петербург	-
все для бассейнов спб	-
магазин все для бассейна оренбург	-
все для саун и бассейнов	-
для бассейна медный купорос	-
дезинфекция бассейна кислородом	-
skimmer scanner	10	0.0	10	10	10	10	10	10	10	10	10	10	10	10
дезинфекция воды в бассейне перекисью водорода	-
скиммер карт купить	10	0.4761904761904762	10	10	10	10	10	10	10	10	10	10	10	10
подсветка для бассейна 28692	-
плавающий светильник для бассейна	10	0.2857142857142857	0	0	10	0	10	10	10	20	10	10	10	10
магазин все для бассейна новосибирск	-
оборудование для бассейнов владивосток	-
лампы для бассейна цена	-
все для саун днепр	-
все для бассейнов таганрог	-
оборудование для сау	-
магазин все для бассейна в ташкенте	-
купить скиммер в минске	-
все для бассейнов в симферополе	-
skimmer net	-
оборудование для бассейнов казань	-
для бассейна покрытие	-
магазин все для бассейна симферополь	-
оборудование для бассейнов калининград	-
скиммер для каркасного бассейна купить	10	1.0	0	0	0	10	0	10	10	20	10	10	0	10
где можно купить оборудование для бассейна	-
аппарат для дезинфекции рук цена	-
skimmer warhammer 40k	-
бактерицидная лампа для бассейна	10	1.0	10	10	10	10	10	10	10	10	10	10	10	10
купить скиммер интекс	-
аппарат для дезинфекции слепков	-
для бассейна обувь	-
skimmer pool app	-
дезинфекция бассейна для воды	-
погружная ультрафиолетовая лампа для бассейна	10	1.0	10	10	10	10	0	10	10	10	10	10	10	10
оборудование для дезинфекции инструментов	-
все для саун тверь	-
аппарат для дезинфекции оттисков купить	-
скиммер как выглядит	10	0.0	10	10	10	10	10	10	10	0	10	10	10	10
все для бассейнов владивосток	-
магазин все для бассейна шымкент	-
оборудование для бассейнов пятигорск	-
оборудование для дезинфекции одежды	-
скиммер для пруда своими руками	30	0.9714285714285714	10	10	10	20	20	40	70	70	50	40	30	10
skimmer pool software	-
оборудование для бассейнов томск	-
дезинфекция бассейна услуги	-
магазин все для бассейна хабаровск	-
skimmer price philippines	-
аппарат для дезинфекции стоматологических наконечников	-
кишинев оборудование для саун	-
плавающая подсветка для бассейна	-
оборудование для бассейна в ташкенте	-
skimmer definition	10	0.0	20	10	10	10	10	20	20	10	10	10	30	10
оборудование для бассейнов волгоград	-
skimmer pool edelstahl	-
купить скиммер в украине	-
где можно купить оборудование для бассейнов	-
для бассейна перекись	-
оборудование для финских саун	-
каталог оборудования для бассейнов	-
для бассейна перекись водорода	-
для бассейна шапка	-
оборудование для бассейна казань	-
skimmer kenshi	-
rgb подсветка бассейна	-
скиммер для бассейна воронеж	-
оборудование для бассейна бишкек	-
все для саун и бань оптом	-
светильники для подсветки бассейнов	-
магазин все для бассейна в астане	-
все для сауны кишинев	-
все для бассейнов казань	-
все для сауны спб	10	1.0	0	10	0	0	0	0	0	0	0	0	10	10
освещение возле бассейна	-
дезинфекция каркасных бассейнов	-
навесной скиммер для бассейна купить в москве	-
оборудование для бассейнов ростов-на-дону	-
для бассейна шапочка	-
обеззараживание бассейна медным купоросом	-
магазин все для бассейна москва	-
оборудование для домашнего бассейна	10	0.8571428571428571	0	0	0	0	0	10	0	10	0	10	0	10
запорная арматура для воды в украине	-
